00:0D:97:04:9B:50,2015-04-09 16:55:40
00:12:7B:46:8E:F0,2015-04-09 16:55:38
00:17:AB:63:09:B0,2015-04-09 16:54:26
00:1B:77:87:EE:7A,2015-04-09 16:55:06
00:1D:D4:01:CA:50,2015-04-09 16:55:46
00:1D:D5:11:4F:C0,2015-04-09 16:55:49
00:1F:90:0F:E7:BD,2015-04-09 16:55:43
00:1F:90:E1:11:F3,2015-04-09 16:55:49
00:25:2E:E4:E6:DC,2015-04-09 16:54:54
00:25:2E:E5:B6:34,2015-04-09 16:55:48
00:23:69:00:FC:E5,2015-04-09 16:55:49
30:46:9A:9D:3E:D8,2015-04-09 16:54:51
A4:EE:57:BB:E1:39,2015-04-09 16:55:23
00:26:B8:3E:8A:A0,2015-04-09 16:54:35
00:26:B8:3E:8A:A5,2015-04-09 16:55:49
D0:DF:9A:42:42:FB,2015-04-09 16:54:52
00:71:C2:82:58:28,2015-04-09 16:55:36
00:71:C2:82:58:29,2015-04-09 16:55:28
00:7F:28:31:B3:09,2015-04-09 16:55:48
18:55:0F:0D:34:78,2015-04-09 16:55:01
F4:5F:D4:1F:44:CC,2015-04-09 16:55:05
F4:5F:D4:1F:DB:AA,2015-04-09 16:55:09
02:1D:D4:01:CA:50,2015-04-09 16:55:48
02:1D:D5:11:4F:C0,2015-04-09 16:55:49
02:F8:93:2F:65:F0,2015-04-09 16:55:48
04:A1:51:C7:F8:F7,2015-04-09 16:55:49
06:1D:D4:01:CA:50,2015-04-09 16:55:47
06:1D:D5:11:4F:C0,2015-04-09 16:55:49
06:F8:93:2F:65:F0,2015-04-09 16:55:48
0C:F8:93:2F:65:F0,2015-04-09 16:55:48
18:1B:EB:01:01:90,2015-04-09 16:55:49
18:55:0F:0E:8C:88,2015-04-09 16:54:29
1C:7E:E5:2F:4A:BC,2015-04-09 16:55:45
28:E3:47:C5:13:3A,2015-04-09 16:54:10
30:46:9A:9D:3E:D8,2015-04-09 16:55:49
A4:EE:57:BB:E1:39,2015-04-09 16:53:58
7C:FA:DF:EB:6D:B0,2015-04-09 16:54:53
BC:6E:64:D8:3E:E6,2015-04-09 16:55:09
50:85:69:F6:1F:B0,2015-04-09 16:55:44
C0:C1:C0:85:EB:9E,2015-04-09 16:55:48
00:1D:D5:11:4F:C0,2015-04-09 16:55:50
06:1D:D5:11:4F:C0,2015-04-09 16:55:50
00:26:B8:3E:8A:A5,2015-04-09 16:55:50
1C:7E:E5:2F:4A:BC,2015-04-09 16:55:50
00:1F:90:E1:11:F3,2015-04-09 16:55:50
04:A1:51:C7:F8:F7,2015-04-09 16:55:50
30:46:9A:9D:3E:D8,2015-04-09 16:55:50
02:F8:93:2F:65:F0,2015-04-09 16:55:50
